title,department,location,type,description
Registered Nurse,Clinical Care,San Francisco CA,Full-time,"Provide direct patient care, administer medications, monitor vital signs. BSN preferred, active RN license required."
Medical Assistant,Clinical Support,Remote,Full-time,"Support clinical operations: rooming patients, taking vitals, preparing exam rooms. CMA or RMA certification preferred."
Patient Care Coordinator,Care Management,Hybrid,Full-time,"Coordinate patient care plans, schedule appointments, liaise between patients and providers."
Clinical Coordinator,Operations,Chicago IL,Full-time,"Oversee clinical workflows, support care team coordination, ensure compliance with healthcare standards."
Care Coordinator,Care Management,Remote,Part-time,"Connect patients with appropriate services, conduct intake assessments, follow up on care plans."
Healthcare Administrator,Administration,New York NY,Full-time,"Manage day-to-day operations, oversee staff, budgets, compliance. MPH or MHA preferred."
Medical Billing Specialist,Revenue Cycle,Remote,Full-time,"Process claims, verify insurance, handle billing. Experience with EHR systems required."
Pharmacy Technician,Pharmacy,Los Angeles CA,Full-time,"Assist pharmacists with dispensing, inventory, patient interactions. PTCB certification preferred."
Medical Records Technician,Health Information,Remote,Contract,"Maintain patient records, ensure HIPAA compliance. RHIT or equivalent preferred."
